codigo_pais,iso2Code,nome_pais,region,adminregion,incomeLevel,lendingType,capitalCity,longitude,latitude,region_name,income_code
AFG,AF,Afghanistan,"{'id': 'MEA', 'iso2code': 'ZQ', 'value': 'Middle East, North Africa, Afghanistan & Pakistan'}","{'id': 'MNA', 'iso2code': 'XQ', 'value': 'Middle East, North Africa, Afghanistan & Pakistan (excluding high income)'}","{'id': 'LIC', 'iso2code': 'XM', 'value': 'Low income'}","{'id': 'IDX', 'iso2code': 'XI', 'value': 'IDA'}",Kabul,69.1761,34.5228,"Middle East, North Africa, Afghanistan & Pakistan",LIC
AGO,AO,Angola,"{'id': 'SSF', 'iso2code': 'ZG', 'value': 'Sub-Saharan Africa '}","{'id': 'SSA', 'iso2code': 'ZF', 'value': 'Sub-Saharan Africa (excluding high income)'}","{'id': 'LMC', 'iso2code': 'XN', 'value': 'Lower middle income'}","{'id': 'IBD', 'iso2code': 'XF', 'value': 'IBRD'}",Luanda,13.242,-8.81155,Sub-Saharan Africa ,LMC
ALB,AL,Albania,"{'id': 'ECS', 'iso2code': 'Z7', 'value': 'Europe & Central Asia'}","{'id': 'ECA', 'iso2code': '7E', 'value': 'Europe & Central Asia (excluding high income)'}","{'id': 'UMC', 'iso2code': 'XT', 'value': 'Upper middle income'}","{'id': 'IBD', 'iso2code': 'XF', 'value': 'IBRD'}",Tirane,19.8172,41.3317,Europe & Central Asia,UMC
ARG,AR,Argentina,"{'id': 'LCN', 'iso2code': 'ZJ', 'value': 'Latin America & Caribbean '}","{'id': 'LAC', 'iso2code': 'XJ', 'value': 'Latin America & Caribbean (excluding high income)'}","{'id': 'UMC', 'iso2code': 'XT', 'value': 'Upper middle income'}","{'id': 'IBD', 'iso2code': 'XF', 'value': 'IBRD'}",Buenos Aires,-58.4173,-34.6118,Latin America & Caribbean ,UMC
ARM,AM,Armenia,"{'id': 'ECS', 'iso2code': 'Z7', 'value': 'Europe & Central Asia'}","{'id': 'ECA', 'iso2code': '7E', 'value': 'Europe & Central Asia (excluding high income)'}","{'id': 'UMC', 'iso2code': 'XT', 'value': 'Upper middle income'}","{'id': 'IBD', 'iso2code': 'XF', 'value': 'IBRD'}",Yerevan,44.509,40.1596,Europe & Central Asia,UMC
AZE,AZ,Azerbaijan,"{'id': 'ECS', 'iso2code': 'Z7', 'value': 'Europe & Central Asia'}","{'id': 'ECA', 'iso2code': '7E', 'value': 'Europe & Central Asia (excluding high income)'}","{'id': 'UMC', 'iso2code': 'XT', 'value': 'Upper middle income'}","{'id': 'IBD', 'iso2code': 'XF', 'value': 'IBRD'}",Baku,49.8932,40.3834,Europe & Central Asia,UMC
BDI,BI,Burundi,"{'id': 'SSF', 'iso2code': 'ZG', 'value': 'Sub-Saharan Africa '}","{'id': 'SSA', 'iso2code': 'ZF', 'value': 'Sub-Saharan Africa (excluding high income)'}","{'id': 'LIC', 'iso2code': 'XM', 'value': 'Low income'}","{'id': 'IDX', 'iso2code': 'XI', 'value': 'IDA'}",Bujumbura,29.3639,-3.3784,Sub-Saharan Africa ,LIC
BEN,BJ,Benin,"{'id': 'SSF', 'iso2code': 'ZG', 'value': 'Sub-Saharan Africa '}","{'id': 'SSA', 'iso2code': 'ZF', 'value': 'Sub-Saharan Africa (excluding high income)'}","{'id': 'LMC', 'iso2code': 'XN', 'value': 'Lower middle income'}","{'id': 'IDX', 'iso2code': 'XI', 'value': 'IDA'}",Porto-Novo,2.6323,6.4779,Sub-Saharan Africa ,LMC
BFA,BF,Burkina Faso,"{'id': 'SSF', 'iso2code': 'ZG', 'value': 'Sub-Saharan Africa '}","{'id': 'SSA', 'iso2code': 'ZF', 'value': 'Sub-Saharan Africa (excluding high income)'}","{'id': 'LIC', 'iso2code': 'XM', 'value': 'Low income'}","{'id': 'IDX', 'iso2code': 'XI', 'value': 'IDA'}",Ouagadougou,-1.53395,12.3605,Sub-Saharan Africa ,LIC
BGD,BD,Bangladesh,"{'id': 'SAS', 'iso2code': '8S', 'value': 'South Asia'}","{'id': 'SAS', 'iso2code': '8S', 'value': 'South Asia'}","{'id': 'LMC', 'iso2code': 'XN', 'value': 'Lower middle income'}","{'id': 'IDX', 'iso2code': 'XI', 'value': 'IDA'}",Dhaka,90.4113,23.7055,South Asia,LMC
BIH,BA,Bosnia and Herzegovina,"{'id': 'ECS', 'iso2code': 'Z7', 'value': 'Europe & Central Asia'}","{'id': 'ECA', 'iso2code': '7E', 'value': 'Europe & Central Asia (excluding high income)'}","{'id': 'UMC', 'iso2code': 'XT', 'value': 'Upper middle income'}","{'id': 'IBD', 'iso2code': 'XF', 'value': 'IBRD'}",Sarajevo,18.4214,43.8607,Europe & Central Asia,UMC
BLR,BY,Belarus,"{'id': 'ECS', 'iso2code': 'Z7', 'value': 'Europe & Central Asia'}","{'id': 'ECA', 'iso2code': '7E', 'value': 'Europe & Central Asia (excluding high income)'}","{'id': 'UMC', 'iso2code': 'XT', 'value': 'Upper middle income'}","{'id': 'IBD', 'iso2code': 'XF', 'value': 'IBRD'}",Minsk,27.5766,53.9678,Europe & Central Asia,UMC
BLZ,BZ,Belize,"{'id': 'LCN', 'iso2code': 'ZJ', 'value': 'Latin America & Caribbean '}","{'id': 'LAC', 'iso2code': 'XJ', 'value': 'Latin America & Caribbean (excluding high income)'}","{'id': 'UMC', 'iso2code': 'XT', 'value': 'Upper middle income'}","{'id': 'IDB', 'iso2code': 'XH', 'value': 'Blend'}",Belmopan,-88.7713,17.2534,Latin America & Caribbean ,UMC
BOL,BO,Bolivia,"{'id': 'LCN', 'iso2code': 'ZJ', 'value': 'Latin America & Caribbean '}","{'id': 'LAC', 'iso2code': 'XJ', 'value': 'Latin America & Caribbean (excluding high income)'}","{'id': 'LMC', 'iso2code': 'XN', 'value': 'Lower middle income'}","{'id': 'IBD', 'iso2code': 'XF', 'value': 'IBRD'}",La Paz,-66.1936,-13.9908,Latin America & Caribbean ,LMC
BRA,BR,Brazil,"{'id': 'LCN', 'iso2code': 'ZJ', 'value': 'Latin America & Caribbean '}","{'id': 'LAC', 'iso2code': 'XJ', 'value': 'Latin America & Caribbean (excluding high income)'}","{'id': 'UMC', 'iso2code': 'XT', 'value': 'Upper middle income'}","{'id': 'IBD', 'iso2code': 'XF', 'value': 'IBRD'}",Brasilia,-47.9292,-15.7801,Latin America & Caribbean ,UMC
BTN,BT,Bhutan,"{'id': 'SAS', 'iso2code': '8S', 'value': 'South Asia'}","{'id': 'SAS', 'iso2code': '8S', 'value': 'South Asia'}","{'id': 'LMC', 'iso2code': 'XN', 'value': 'Lower middle income'}","{'id': 'IDX', 'iso2code': 'XI', 'value': 'IDA'}",Thimphu,89.6177,27.5768,South Asia,LMC
BWA,BW,Botswana,"{'id': 'SSF', 'iso2code': 'ZG', 'value': 'Sub-Saharan Africa '}","{'id': 'SSA', 'iso2code': 'ZF', 'value': 'Sub-Saharan Africa (excluding high income)'}","{'id': 'UMC', 'iso2code': 'XT', 'value': 'Upper middle income'}","{'id': 'IBD', 'iso2code': 'XF', 'value': 'IBRD'}",Gaborone,25.9201,-24.6544,Sub-Saharan Africa ,UMC
CAF,CF,Central African Republic,"{'id': 'SSF', 'iso2code': 'ZG', 'value': 'Sub-Saharan Africa '}","{'id': 'SSA', 'iso2code': 'ZF', 'value': 'Sub-Saharan Africa (excluding high income)'}","{'id': 'LIC', 'iso2code': 'XM', 'value': 'Low income'}","{'id': 'IDX', 'iso2code': 'XI', 'value': 'IDA'}",Bangui,21.6407,5.63056,Sub-Saharan Africa ,LIC
CHN,CN,China,"{'id': 'EAS', 'iso2code': 'Z4', 'value': 'East Asia & Pacific'}","{'id': 'EAP', 'iso2code': '4E', 'value': 'East Asia & Pacific (excluding high income)'}","{'id': 'UMC', 'iso2code': 'XT', 'value': 'Upper middle income'}","{'id': 'IBD', 'iso2code': 'XF', 'value': 'IBRD'}",Beijing,116.286,40.0495,East Asia & Pacific,UMC
CIV,CI,Cote d'Ivoire,"{'id': 'SSF', 'iso2code': 'ZG', 'value': 'Sub-Saharan Africa '}","{'id': 'SSA', 'iso2code': 'ZF', 'value': 'Sub-Saharan Africa (excluding high income)'}","{'id': 'LMC', 'iso2code': 'XN', 'value': 'Lower middle income'}","{'id': 'IDB', 'iso2code': 'XH', 'value': 'Blend'}",Yamoussoukro,-4.0305,5.332,Sub-Saharan Africa ,LMC
CMR,CM,Cameroon,"{'id': 'SSF', 'iso2code': 'ZG', 'value': 'Sub-Saharan Africa '}","{'id': 'SSA', 'iso2code': 'ZF', 'value': 'Sub-Saharan Africa (excluding high income)'}","{'id': 'LMC', 'iso2code': 'XN', 'value': 'Lower middle income'}","{'id': 'IDB', 'iso2code': 'XH', 'value': 'Blend'}",Yaounde,11.5174,3.8721,Sub-Saharan Africa ,LMC
COD,CD,"Congo, Dem. Rep.","{'id': 'SSF', 'iso2code': 'ZG', 'value': 'Sub-Saharan Africa '}","{'id': 'SSA', 'iso2code': 'ZF', 'value': 'Sub-Saharan Africa (excluding high income)'}","{'id': 'LIC', 'iso2code': 'XM', 'value': 'Low income'}","{'id': 'IDX', 'iso2code': 'XI', 'value': 'IDA'}",Kinshasa,15.3222,-4.325,Sub-Saharan Africa ,LIC
COG,CG,"Congo, Rep.","{'id': 'SSF', 'iso2code': 'ZG', 'value': 'Sub-Saharan Africa '}","{'id': 'SSA', 'iso2code': 'ZF', 'value': 'Sub-Saharan Africa (excluding high income)'}","{'id': 'LMC', 'iso2code': 'XN', 'value': 'Lower middle income'}","{'id': 'IDB', 'iso2code': 'XH', 'value': 'Blend'}",Brazzaville,15.2662,-4.2767,Sub-Saharan Africa ,LMC
COL,CO,Colombia,"{'id': 'LCN', 'iso2code': 'ZJ', 'value': 'Latin America & Caribbean '}","{'id': 'LAC', 'iso2code': 'XJ', 'value': 'Latin America & Caribbean (excluding high income)'}","{'id': 'UMC', 'iso2code': 'XT', 'value': 'Upper middle income'}","{'id': 'IBD', 'iso2code': 'XF', 'value': 'IBRD'}",Bogota,-74.082,4.60987,Latin America & Caribbean ,UMC
COM,KM,Comoros,"{'id': 'SSF', 'iso2code': 'ZG', 'value': 'Sub-Saharan Africa '}","{'id': 'SSA', 'iso2code': 'ZF', 'value': 'Sub-Saharan Africa (excluding high income)'}","{'id': 'LMC', 'iso2code': 'XN', 'value': 'Lower middle income'}","{'id': 'IDX', 'iso2code': 'XI', 'value': 'IDA'}",Moroni,43.2418,-11.6986,Sub-Saharan Africa ,LMC
CPV,CV,Cabo Verde,"{'id': 'SSF', 'iso2code': 'ZG', 'value': 'Sub-Saharan Africa '}","{'id': 'SSA', 'iso2code': 'ZF', 'value': 'Sub-Saharan Africa (excluding high income)'}","{'id': 'UMC', 'iso2code': 'XT', 'value': 'Upper middle income'}","{'id': 'IDB', 'iso2code': 'XH', 'value': 'Blend'}",Praia,-23.5087,14.9218,Sub-Saharan Africa ,UMC
CUB,CU,Cuba,"{'id': 'LCN', 'iso2code': 'ZJ', 'value': 'Latin America & Caribbean '}","{'id': 'LAC', 'iso2code': 'XJ', 'value': 'Latin America & Caribbean (excluding high income)'}","{'id': 'UMC', 'iso2code': 'XT', 'value': 'Upper middle income'}","{'id': 'LNX', 'iso2code': 'XX', 'value': 'Not classified'}",Havana,-82.3667,23.1333,Latin America & Caribbean ,UMC
DJI,DJ,Djibouti,"{'id': 'MEA', 'iso2code': 'ZQ', 'value': 'Middle East, North Africa, Afghanistan & Pakistan'}","{'id': 'MNA', 'iso2code': 'XQ', 'value': 'Middle East, North Africa, Afghanistan & Pakistan (excluding high income)'}","{'id': 'LMC', 'iso2code': 'XN', 'value': 'Lower middle income'}","{'id': 'IDX', 'iso2code': 'XI', 'value': 'IDA'}",Djibouti,43.1425,11.5806,"Middle East, North Africa, Afghanistan & Pakistan",LMC
DMA,DM,Dominica,"{'id': 'LCN', 'iso2code': 'ZJ', 'value': 'Latin America & Caribbean '}","{'id': 'LAC', 'iso2code': 'XJ', 'value': 'Latin America & Caribbean (excluding high income)'}","{'id': 'UMC', 'iso2code': 'XT', 'value': 'Upper middle income'}","{'id': 'IDB', 'iso2code': 'XH', 'value': 'Blend'}",Roseau,-61.39,15.2976,Latin America & Caribbean ,UMC
DOM,DO,Dominican Republic,"{'id': 'LCN', 'iso2code': 'ZJ', 'value': 'Latin America & Caribbean '}","{'id': 'LAC', 'iso2code': 'XJ', 'value': 'Latin America & Caribbean (excluding high income)'}","{'id': 'UMC', 'iso2code': 'XT', 'value': 'Upper middle income'}","{'id': 'IBD', 'iso2code': 'XF', 'value': 'IBRD'}",Santo Domingo,-69.8908,18.479,Latin America & Caribbean ,UMC
DZA,DZ,Algeria,"{'id': 'MEA', 'iso2code': 'ZQ', 'value': 'Middle East, North Africa, Afghanistan & Pakistan'}","{'id': 'MNA', 'iso2code': 'XQ', 'value': 'Middle East, North Africa, Afghanistan & Pakistan (excluding high income)'}","{'id': 'UMC', 'iso2code': 'XT', 'value': 'Upper middle income'}","{'id': 'IBD', 'iso2code': 'XF', 'value': 'IBRD'}",Algiers,3.05097,36.7397,"Middle East, North Africa, Afghanistan & Pakistan",UMC
ECU,EC,Ecuador,"{'id': 'LCN', 'iso2code': 'ZJ', 'value': 'Latin America & Caribbean '}","{'id': 'LAC', 'iso2code': 'XJ', 'value': 'Latin America & Caribbean (excluding high income)'}","{'id': 'UMC', 'iso2code': 'XT', 'value': 'Upper middle income'}","{'id': 'IBD', 'iso2code': 'XF', 'value': 'IBRD'}",Quito,-78.5243,-0.229498,Latin America & Caribbean ,UMC
EGY,EG,"Egypt, Arab Rep.","{'id': 'MEA', 'iso2code': 'ZQ', 'value': 'Middle East, North Africa, Afghanistan & Pakistan'}","{'id': 'MNA', 'iso2code': 'XQ', 'value': 'Middle East, North Africa, Afghanistan & Pakistan (excluding high income)'}","{'id': 'LMC', 'iso2code': 'XN', 'value': 'Lower middle income'}","{'id': 'IBD', 'iso2code': 'XF', 'value': 'IBRD'}",Cairo,31.2461,30.0982,"Middle East, North Africa, Afghanistan & Pakistan",LMC
ERI,ER,Eritrea,"{'id': 'SSF', 'iso2code': 'ZG', 'value': 'Sub-Saharan Africa '}","{'id': 'SSA', 'iso2code': 'ZF', 'value': 'Sub-Saharan Africa (excluding high income)'}","{'id': 'LIC', 'iso2code': 'XM', 'value': 'Low income'}","{'id': 'IDX', 'iso2code': 'XI', 'value': 'IDA'}",Asmara,38.9183,15.3315,Sub-Saharan Africa ,LIC
ETH,ET,Ethiopia,"{'id': 'SSF', 'iso2code': 'ZG', 'value': 'Sub-Saharan Africa '}","{'id': '', 'iso2code': '', 'value': ''}","{'id': 'INX', 'iso2code': 'XY', 'value': 'Not classified'}","{'id': 'IDX', 'iso2code': 'XI', 'value': 'IDA'}",Addis Ababa,38.7468,9.02274,Sub-Saharan Africa ,INX
FJI,FJ,Fiji,"{'id': 'EAS', 'iso2code': 'Z4', 'value': 'East Asia & Pacific'}","{'id': 'EAP', 'iso2code': '4E', 'value': 'East Asia & Pacific (excluding high income)'}","{'id': 'UMC', 'iso2code': 'XT', 'value': 'Upper middle income'}","{'id': 'IDB', 'iso2code': 'XH', 'value': 'Blend'}",Suva,178.399,-18.1149,East Asia & Pacific,UMC
FSM,FM,"Micronesia, Fed. Sts.","{'id': 'EAS', 'iso2code': 'Z4', 'value': 'East Asia & Pacific'}","{'id': 'EAP', 'iso2code': '4E', 'value': 'East Asia & Pacific (excluding high income)'}","{'id': 'LMC', 'iso2code': 'XN', 'value': 'Lower middle income'}","{'id': 'IDX', 'iso2code': 'XI', 'value': 'IDA'}",Palikir,158.185,6.91771,East Asia & Pacific,LMC
GAB,GA,Gabon,"{'id': 'SSF', 'iso2code': 'ZG', 'value': 'Sub-Saharan Africa '}","{'id': 'SSA', 'iso2code': 'ZF', 'value': 'Sub-Saharan Africa (excluding high income)'}","{'id': 'UMC', 'iso2code': 'XT', 'value': 'Upper middle income'}","{'id': 'IBD', 'iso2code': 'XF', 'value': 'IBRD'}",Libreville,9.45162,0.38832,Sub-Saharan Africa ,UMC
GEO,GE,Georgia,"{'id': 'ECS', 'iso2code': 'Z7', 'value': 'Europe & Central Asia'}","{'id': 'ECA', 'iso2code': '7E', 'value': 'Europe & Central Asia (excluding high income)'}","{'id': 'UMC', 'iso2code': 'XT', 'value': 'Upper middle income'}","{'id': 'IBD', 'iso2code': 'XF', 'value': 'IBRD'}",Tbilisi,44.793,41.71,Europe & Central Asia,UMC
GHA,GH,Ghana,"{'id': 'SSF', 'iso2code': 'ZG', 'value': 'Sub-Saharan Africa '}","{'id': 'SSA', 'iso2code': 'ZF', 'value': 'Sub-Saharan Africa (excluding high income)'}","{'id': 'LMC', 'iso2code': 'XN', 'value': 'Lower middle income'}","{'id': 'IDX', 'iso2code': 'XI', 'value': 'IDA'}",Accra,-0.20795,5.57045,Sub-Saharan Africa ,LMC
GIN,GN,Guinea,"{'id': 'SSF', 'iso2code': 'ZG', 'value': 'Sub-Saharan Africa '}","{'id': 'SSA', 'iso2code': 'ZF', 'value': 'Sub-Saharan Africa (excluding high income)'}","{'id': 'LMC', 'iso2code': 'XN', 'value': 'Lower middle income'}","{'id': 'IDX', 'iso2code': 'XI', 'value': 'IDA'}",Conakry,-13.7,9.51667,Sub-Saharan Africa ,LMC
GMB,GM,"Gambia, The","{'id': 'SSF', 'iso2code': 'ZG', 'value': 'Sub-Saharan Africa '}","{'id': 'SSA', 'iso2code': 'ZF', 'value': 'Sub-Saharan Africa (excluding high income)'}","{'id': 'LIC', 'iso2code': 'XM', 'value': 'Low income'}","{'id': 'IDX', 'iso2code': 'XI', 'value': 'IDA'}",Banjul,-16.5885,13.4495,Sub-Saharan Africa ,LIC
GNB,GW,Guinea-Bissau,"{'id': 'SSF', 'iso2code': 'ZG', 'value': 'Sub-Saharan Africa '}","{'id': 'SSA', 'iso2code': 'ZF', 'value': 'Sub-Saharan Africa (excluding high income)'}","{'id': 'LIC', 'iso2code': 'XM', 'value': 'Low income'}","{'id': 'IDX', 'iso2code': 'XI', 'value': 'IDA'}",Bissau,-15.1804,11.8037,Sub-Saharan Africa ,LIC
GNQ,GQ,Equatorial Guinea,"{'id': 'SSF', 'iso2code': 'ZG', 'value': 'Sub-Saharan Africa '}","{'id': 'SSA', 'iso2code': 'ZF', 'value': 'Sub-Saharan Africa (excluding high income)'}","{'id': 'UMC', 'iso2code': 'XT', 'value': 'Upper middle income'}","{'id': 'IBD', 'iso2code': 'XF', 'value': 'IBRD'}",Malabo,8.7741,3.7523,Sub-Saharan Africa ,UMC
GRD,GD,Grenada,"{'id': 'LCN', 'iso2code': 'ZJ', 'value': 'Latin America & Caribbean '}","{'id': 'LAC', 'iso2code': 'XJ', 'value': 'Latin America & Caribbean (excluding high income)'}","{'id': 'UMC', 'iso2code': 'XT', 'value': 'Upper middle income'}","{'id': 'IDB', 'iso2code': 'XH', 'value': 'Blend'}",Saint George's,-61.7449,12.0653,Latin America & Caribbean ,UMC
GTM,GT,Guatemala,"{'id': 'LCN', 'iso2code': 'ZJ', 'value': 'Latin America & Caribbean '}","{'id': 'LAC', 'iso2code': 'XJ', 'value': 'Latin America & Caribbean (excluding high income)'}","{'id': 'UMC', 'iso2code': 'XT', 'value': 'Upper middle income'}","{'id': 'IBD', 'iso2code': 'XF', 'value': 'IBRD'}",Guatemala City,-90.5328,14.6248,Latin America & Caribbean ,UMC
HND,HN,Honduras,"{'id': 'LCN', 'iso2code': 'ZJ', 'value': 'Latin America & Caribbean '}","{'id': 'LAC', 'iso2code': 'XJ', 'value': 'Latin America & Caribbean (excluding high income)'}","{'id': 'LMC', 'iso2code': 'XN', 'value': 'Lower middle income'}","{'id': 'IDX', 'iso2code': 'XI', 'value': 'IDA'}",Tegucigalpa,-87.4667,15.1333,Latin America & Caribbean ,LMC
HTI,HT,Haiti,"{'id': 'LCN', 'iso2code': 'ZJ', 'value': 'Latin America & Caribbean '}","{'id': 'LAC', 'iso2code': 'XJ', 'value': 'Latin America & Caribbean (excluding high income)'}","{'id': 'LMC', 'iso2code': 'XN', 'value': 'Lower middle income'}","{'id': 'IDX', 'iso2code': 'XI', 'value': 'IDA'}",Port-au-Prince,-72.3288,18.5392,Latin America & Caribbean ,LMC
IDN,ID,Indonesia,"{'id': 'EAS', 'iso2code': 'Z4', 'value': 'East Asia & Pacific'}","{'id': 'EAP', 'iso2code': '4E', 'value': 'East Asia & Pacific (excluding high income)'}","{'id': 'UMC', 'iso2code': 'XT', 'value': 'Upper middle income'}","{'id': 'IBD', 'iso2code': 'XF', 'value': 'IBRD'}",Jakarta,106.83,-6.19752,East Asia & Pacific,UMC
IND,IN,India,"{'id': 'SAS', 'iso2code': '8S', 'value': 'South Asia'}","{'id': 'SAS', 'iso2code': '8S', 'value': 'South Asia'}","{'id': 'LMC', 'iso2code': 'XN', 'value': 'Lower middle income'}","{'id': 'IBD', 'iso2code': 'XF', 'value': 'IBRD'}",New Delhi,77.225,28.6353,South Asia,LMC
IRN,IR,"Iran, Islamic Rep.","{'id': 'MEA', 'iso2code': 'ZQ', 'value': 'Middle East, North Africa, Afghanistan & Pakistan'}","{'id': 'MNA', 'iso2code': 'XQ', 'value': 'Middle East, North Africa, Afghanistan & Pakistan (excluding high income)'}","{'id': 'UMC', 'iso2code': 'XT', 'value': 'Upper middle income'}","{'id': 'IBD', 'iso2code': 'XF', 'value': 'IBRD'}",Tehran,51.4447,35.6878,"Middle East, North Africa, Afghanistan & Pakistan",UMC
IRQ,IQ,Iraq,"{'id': 'MEA', 'iso2code': 'ZQ', 'value': 'Middle East, North Africa, Afghanistan & Pakistan'}","{'id': 'MNA', 'iso2code': 'XQ', 'value': 'Middle East, North Africa, Afghanistan & Pakistan (excluding high income)'}","{'id': 'UMC', 'iso2code': 'XT', 'value': 'Upper middle income'}","{'id': 'IBD', 'iso2code': 'XF', 'value': 'IBRD'}",Baghdad,44.394,33.3302,"Middle East, North Africa, Afghanistan & Pakistan",UMC
JAM,JM,Jamaica,"{'id': 'LCN', 'iso2code': 'ZJ', 'value': 'Latin America & Caribbean '}","{'id': 'LAC', 'iso2code': 'XJ', 'value': 'Latin America & Caribbean (excluding high income)'}","{'id': 'UMC', 'iso2code': 'XT', 'value': 'Upper middle income'}","{'id': 'IBD', 'iso2code': 'XF', 'value': 'IBRD'}",Kingston,-76.792,17.9927,Latin America & Caribbean ,UMC
JOR,JO,Jordan,"{'id': 'MEA', 'iso2code': 'ZQ', 'value': 'Middle East, North Africa, Afghanistan & Pakistan'}","{'id': 'MNA', 'iso2code': 'XQ', 'value': 'Middle East, North Africa, Afghanistan & Pakistan (excluding high income)'}","{'id': 'LMC', 'iso2code': 'XN', 'value': 'Lower middle income'}","{'id': 'IBD', 'iso2code': 'XF', 'value': 'IBRD'}",Amman,35.9263,31.9497,"Middle East, North Africa, Afghanistan & Pakistan",LMC
KAZ,KZ,Kazakhstan,"{'id': 'ECS', 'iso2code': 'Z7', 'value': 'Europe & Central Asia'}","{'id': 'ECA', 'iso2code': '7E', 'value': 'Europe & Central Asia (excluding high income)'}","{'id': 'UMC', 'iso2code': 'XT', 'value': 'Upper middle income'}","{'id': 'IBD', 'iso2code': 'XF', 'value': 'IBRD'}",Astana,71.4382,51.1879,Europe & Central Asia,UMC
KEN,KE,Kenya,"{'id': 'SSF', 'iso2code': 'ZG', 'value': 'Sub-Saharan Africa '}","{'id': 'SSA', 'iso2code': 'ZF', 'value': 'Sub-Saharan Africa (excluding high income)'}","{'id': 'LMC', 'iso2code': 'XN', 'value': 'Lower middle income'}","{'id': 'IDB', 'iso2code': 'XH', 'value': 'Blend'}",Nairobi,36.8126,-1.27975,Sub-Saharan Africa ,LMC
KGZ,KG,Kyrgyz Republic,"{'id': 'ECS', 'iso2code': 'Z7', 'value': 'Europe & Central Asia'}","{'id': 'ECA', 'iso2code': '7E', 'value': 'Europe & Central Asia (excluding high income)'}","{'id': 'LMC', 'iso2code': 'XN', 'value': 'Lower middle income'}","{'id': 'IDX', 'iso2code': 'XI', 'value': 'IDA'}",Bishkek,74.6057,42.8851,Europe & Central Asia,LMC
KHM,KH,Cambodia,"{'id': 'EAS', 'iso2code': 'Z4', 'value': 'East Asia & Pacific'}","{'id': 'EAP', 'iso2code': '4E', 'value': 'East Asia & Pacific (excluding high income)'}","{'id': 'LMC', 'iso2code': 'XN', 'value': 'Lower middle income'}","{'id': 'IDX', 'iso2code': 'XI', 'value': 'IDA'}",Phnom Penh,104.874,11.5556,East Asia & Pacific,LMC
KIR,KI,Kiribati,"{'id': 'EAS', 'iso2code': 'Z4', 'value': 'East Asia & Pacific'}","{'id': 'EAP', 'iso2code': '4E', 'value': 'East Asia & Pacific (excluding high income)'}","{'id': 'LMC', 'iso2code': 'XN', 'value': 'Lower middle income'}","{'id': 'IDX', 'iso2code': 'XI', 'value': 'IDA'}",Tarawa,172.979,1.32905,East Asia & Pacific,LMC
LAO,LA,Lao PDR,"{'id': 'EAS', 'iso2code': 'Z4', 'value': 'East Asia & Pacific'}","{'id': 'EAP', 'iso2code': '4E', 'value': 'East Asia & Pacific (excluding high income)'}","{'id': 'LMC', 'iso2code': 'XN', 'value': 'Lower middle income'}","{'id': 'IDX', 'iso2code': 'XI', 'value': 'IDA'}",Vientiane,102.177,18.5826,East Asia & Pacific,LMC
LBN,LB,Lebanon,"{'id': 'MEA', 'iso2code': 'ZQ', 'value': 'Middle East, North Africa, Afghanistan & Pakistan'}","{'id': 'MNA', 'iso2code': 'XQ', 'value': 'Middle East, North Africa, Afghanistan & Pakistan (excluding high income)'}","{'id': 'LMC', 'iso2code': 'XN', 'value': 'Lower middle income'}","{'id': 'IBD', 'iso2code': 'XF', 'value': 'IBRD'}",Beirut,35.5134,33.8872,"Middle East, North Africa, Afghanistan & Pakistan",LMC
LBR,LR,Liberia,"{'id': 'SSF', 'iso2code': 'ZG', 'value': 'Sub-Saharan Africa '}","{'id': 'SSA', 'iso2code': 'ZF', 'value': 'Sub-Saharan Africa (excluding high income)'}","{'id': 'LIC', 'iso2code': 'XM', 'value': 'Low income'}","{'id': 'IDX', 'iso2code': 'XI', 'value': 'IDA'}",Monrovia,-10.7957,6.30039,Sub-Saharan Africa ,LIC
LBY,LY,Libya,"{'id': 'MEA', 'iso2code': 'ZQ', 'value': 'Middle East, North Africa, Afghanistan & Pakistan'}","{'id': 'MNA', 'iso2code': 'XQ', 'value': 'Middle East, North Africa, Afghanistan & Pakistan (excluding high income)'}","{'id': 'UMC', 'iso2code': 'XT', 'value': 'Upper middle income'}","{'id': 'IBD', 'iso2code': 'XF', 'value': 'IBRD'}",Tripoli,13.1072,32.8578,"Middle East, North Africa, Afghanistan & Pakistan",UMC
LCA,LC,St. Lucia,"{'id': 'LCN', 'iso2code': 'ZJ', 'value': 'Latin America & Caribbean '}","{'id': 'LAC', 'iso2code': 'XJ', 'value': 'Latin America & Caribbean (excluding high income)'}","{'id': 'UMC', 'iso2code': 'XT', 'value': 'Upper middle income'}","{'id': 'IDB', 'iso2code': 'XH', 'value': 'Blend'}",Castries,-60.9832,14,Latin America & Caribbean ,UMC
LKA,LK,Sri Lanka,"{'id': 'SAS', 'iso2code': '8S', 'value': 'South Asia'}","{'id': 'SAS', 'iso2code': '8S', 'value': 'South Asia'}","{'id': 'LMC', 'iso2code': 'XN', 'value': 'Lower middle income'}","{'id': 'IDX', 'iso2code': 'XI', 'value': 'IDA'}",Colombo,79.8528,6.92148,South Asia,LMC
LSO,LS,Lesotho,"{'id': 'SSF', 'iso2code': 'ZG', 'value': 'Sub-Saharan Africa '}","{'id': 'SSA', 'iso2code': 'ZF', 'value': 'Sub-Saharan Africa (excluding high income)'}","{'id': 'LMC', 'iso2code': 'XN', 'value': 'Lower middle income'}","{'id': 'IDX', 'iso2code': 'XI', 'value': 'IDA'}",Maseru,27.7167,-29.5208,Sub-Saharan Africa ,LMC
MAR,MA,Morocco,"{'id': 'MEA', 'iso2code': 'ZQ', 'value': 'Middle East, North Africa, Afghanistan & Pakistan'}","{'id': 'MNA', 'iso2code': 'XQ', 'value': 'Middle East, North Africa, Afghanistan & Pakistan (excluding high income)'}","{'id': 'LMC', 'iso2code': 'XN', 'value': 'Lower middle income'}","{'id': 'IBD', 'iso2code': 'XF', 'value': 'IBRD'}",Rabat,-6.8704,33.9905,"Middle East, North Africa, Afghanistan & Pakistan",LMC
MDA,MD,Moldova,"{'id': 'ECS', 'iso2code': 'Z7', 'value': 'Europe & Central Asia'}","{'id': 'ECA', 'iso2code': '7E', 'value': 'Europe & Central Asia (excluding high income)'}","{'id': 'UMC', 'iso2code': 'XT', 'value': 'Upper middle income'}","{'id': 'IBD', 'iso2code': 'XF', 'value': 'IBRD'}",Chisinau,28.8497,47.0167,Europe & Central Asia,UMC
MDG,MG,Madagascar,"{'id': 'SSF', 'iso2code': 'ZG', 'value': 'Sub-Saharan Africa '}","{'id': 'SSA', 'iso2code': 'ZF', 'value': 'Sub-Saharan Africa (excluding high income)'}","{'id': 'LIC', 'iso2code': 'XM', 'value': 'Low income'}","{'id': 'IDX', 'iso2code': 'XI', 'value': 'IDA'}",Antananarivo,45.7167,-20.4667,Sub-Saharan Africa ,LIC
MDV,MV,Maldives,"{'id': 'SAS', 'iso2code': '8S', 'value': 'South Asia'}","{'id': 'SAS', 'iso2code': '8S', 'value': 'South Asia'}","{'id': 'UMC', 'iso2code': 'XT', 'value': 'Upper middle income'}","{'id': 'IDX', 'iso2code': 'XI', 'value': 'IDA'}",Male,73.5109,4.1742,South Asia,UMC
MEX,MX,Mexico,"{'id': 'LCN', 'iso2code': 'ZJ', 'value': 'Latin America & Caribbean '}","{'id': 'LAC', 'iso2code': 'XJ', 'value': 'Latin America & Caribbean (excluding high income)'}","{'id': 'UMC', 'iso2code': 'XT', 'value': 'Upper middle income'}","{'id': 'IBD', 'iso2code': 'XF', 'value': 'IBRD'}",Mexico City,-99.1276,19.427,Latin America & Caribbean ,UMC
MHL,MH,Marshall Islands,"{'id': 'EAS', 'iso2code': 'Z4', 'value': 'East Asia & Pacific'}","{'id': 'EAP', 'iso2code': '4E', 'value': 'East Asia & Pacific (excluding high income)'}","{'id': 'UMC', 'iso2code': 'XT', 'value': 'Upper middle income'}","{'id': 'IDX', 'iso2code': 'XI', 'value': 'IDA'}",Majuro,171.135,7.11046,East Asia & Pacific,UMC
MKD,MK,North Macedonia,"{'id': 'ECS', 'iso2code': 'Z7', 'value': 'Europe & Central Asia'}","{'id': 'ECA', 'iso2code': '7E', 'value': 'Europe & Central Asia (excluding high income)'}","{'id': 'UMC', 'iso2code': 'XT', 'value': 'Upper middle income'}","{'id': 'IBD', 'iso2code': 'XF', 'value': 'IBRD'}",Skopje,21.4361,42.0024,Europe & Central Asia,UMC
MLI,ML,Mali,"{'id': 'SSF', 'iso2code': 'ZG', 'value': 'Sub-Saharan Africa '}","{'id': 'SSA', 'iso2code': 'ZF', 'value': 'Sub-Saharan Africa (excluding high income)'}","{'id': 'LIC', 'iso2code': 'XM', 'value': 'Low income'}","{'id': 'IDX', 'iso2code': 'XI', 'value': 'IDA'}",Bamako,-7.50034,13.5667,Sub-Saharan Africa ,LIC
MMR,MM,Myanmar,"{'id': 'EAS', 'iso2code': 'Z4', 'value': 'East Asia & Pacific'}","{'id': 'EAP', 'iso2code': '4E', 'value': 'East Asia & Pacific (excluding high income)'}","{'id': 'LMC', 'iso2code': 'XN', 'value': 'Lower middle income'}","{'id': 'IDX', 'iso2code': 'XI', 'value': 'IDA'}",Naypyidaw,95.9562,21.914,East Asia & Pacific,LMC
MNE,ME,Montenegro,"{'id': 'ECS', 'iso2code': 'Z7', 'value': 'Europe & Central Asia'}","{'id': 'ECA', 'iso2code': '7E', 'value': 'Europe & Central Asia (excluding high income)'}","{'id': 'UMC', 'iso2code': 'XT', 'value': 'Upper middle income'}","{'id': 'IBD', 'iso2code': 'XF', 'value': 'IBRD'}",Podgorica,19.2595,42.4602,Europe & Central Asia,UMC
MNG,MN,Mongolia,"{'id': 'EAS', 'iso2code': 'Z4', 'value': 'East Asia & Pacific'}","{'id': 'EAP', 'iso2code': '4E', 'value': 'East Asia & Pacific (excluding high income)'}","{'id': 'UMC', 'iso2code': 'XT', 'value': 'Upper middle income'}","{'id': 'IBD', 'iso2code': 'XF', 'value': 'IBRD'}",Ulaanbaatar,106.937,47.9129,East Asia & Pacific,UMC
MOZ,MZ,Mozambique,"{'id': 'SSF', 'iso2code': 'ZG', 'value': 'Sub-Saharan Africa '}","{'id': 'SSA', 'iso2code': 'ZF', 'value': 'Sub-Saharan Africa (excluding high income)'}","{'id': 'LIC', 'iso2code': 'XM', 'value': 'Low income'}","{'id': 'IDX', 'iso2code': 'XI', 'value': 'IDA'}",Maputo,32.5713,-25.9664,Sub-Saharan Africa ,LIC
MRT,MR,Mauritania,"{'id': 'SSF', 'iso2code': 'ZG', 'value': 'Sub-Saharan Africa '}","{'id': 'SSA', 'iso2code': 'ZF', 'value': 'Sub-Saharan Africa (excluding high income)'}","{'id': 'LMC', 'iso2code': 'XN', 'value': 'Lower middle income'}","{'id': 'IDX', 'iso2code': 'XI', 'value': 'IDA'}",Nouakchott,-15.9824,18.2367,Sub-Saharan Africa ,LMC
MUS,MU,Mauritius,"{'id': 'SSF', 'iso2code': 'ZG', 'value': 'Sub-Saharan Africa '}","{'id': 'SSA', 'iso2code': 'ZF', 'value': 'Sub-Saharan Africa (excluding high income)'}","{'id': 'UMC', 'iso2code': 'XT', 'value': 'Upper middle income'}","{'id': 'IBD', 'iso2code': 'XF', 'value': 'IBRD'}",Port Louis,57.4977,-20.1605,Sub-Saharan Africa ,UMC
MWI,MW,Malawi,"{'id': 'SSF', 'iso2code': 'ZG', 'value': 'Sub-Saharan Africa '}","{'id': 'SSA', 'iso2code': 'ZF', 'value': 'Sub-Saharan Africa (excluding high income)'}","{'id': 'LIC', 'iso2code': 'XM', 'value': 'Low income'}","{'id': 'IDX', 'iso2code': 'XI', 'value': 'IDA'}",Lilongwe,33.7703,-13.9899,Sub-Saharan Africa ,LIC
MYS,MY,Malaysia,"{'id': 'EAS', 'iso2code': 'Z4', 'value': 'East Asia & Pacific'}","{'id': 'EAP', 'iso2code': '4E', 'value': 'East Asia & Pacific (excluding high income)'}","{'id': 'UMC', 'iso2code': 'XT', 'value': 'Upper middle income'}","{'id': 'IBD', 'iso2code': 'XF', 'value': 'IBRD'}",Kuala Lumpur,101.684,3.12433,East Asia & Pacific,UMC
NAM,NA,Namibia,"{'id': 'SSF', 'iso2code': 'ZG', 'value': 'Sub-Saharan Africa '}","{'id': 'SSA', 'iso2code': 'ZF', 'value': 'Sub-Saharan Africa (excluding high income)'}","{'id': 'LMC', 'iso2code': 'XN', 'value': 'Lower middle income'}","{'id': 'IBD', 'iso2code': 'XF', 'value': 'IBRD'}",Windhoek,17.0931,-22.5648,Sub-Saharan Africa ,LMC
NER,NE,Niger,"{'id': 'SSF', 'iso2code': 'ZG', 'value': 'Sub-Saharan Africa '}","{'id': 'SSA', 'iso2code': 'ZF', 'value': 'Sub-Saharan Africa (excluding high income)'}","{'id': 'LIC', 'iso2code': 'XM', 'value': 'Low income'}","{'id': 'IDX', 'iso2code': 'XI', 'value': 'IDA'}",Niamey,2.1073,13.514,Sub-Saharan Africa ,LIC
NGA,NG,Nigeria,"{'id': 'SSF', 'iso2code': 'ZG', 'value': 'Sub-Saharan Africa '}","{'id': 'SSA', 'iso2code': 'ZF', 'value': 'Sub-Saharan Africa (excluding high income)'}","{'id': 'LMC', 'iso2code': 'XN', 'value': 'Lower middle income'}","{'id': 'IDB', 'iso2code': 'XH', 'value': 'Blend'}",Abuja,7.48906,9.05804,Sub-Saharan Africa ,LMC
NIC,NI,Nicaragua,"{'id': 'LCN', 'iso2code': 'ZJ', 'value': 'Latin America & Caribbean '}","{'id': 'LAC', 'iso2code': 'XJ', 'value': 'Latin America & Caribbean (excluding high income)'}","{'id': 'LMC', 'iso2code': 'XN', 'value': 'Lower middle income'}","{'id': 'IDX', 'iso2code': 'XI', 'value': 'IDA'}",Managua,-86.2734,12.1475,Latin America & Caribbean ,LMC
NPL,NP,Nepal,"{'id': 'SAS', 'iso2code': '8S', 'value': 'South Asia'}","{'id': 'SAS', 'iso2code': '8S', 'value': 'South Asia'}","{'id': 'LMC', 'iso2code': 'XN', 'value': 'Lower middle income'}","{'id': 'IDX', 'iso2code': 'XI', 'value': 'IDA'}",Kathmandu,85.3157,27.6939,South Asia,LMC
PAK,PK,Pakistan,"{'id': 'MEA', 'iso2code': 'ZQ', 'value': 'Middle East, North Africa, Afghanistan & Pakistan'}","{'id': 'MNA', 'iso2code': 'XQ', 'value': 'Middle East, North Africa, Afghanistan & Pakistan (excluding high income)'}","{'id': 'LMC', 'iso2code': 'XN', 'value': 'Lower middle income'}","{'id': 'IDB', 'iso2code': 'XH', 'value': 'Blend'}",Islamabad,72.8,30.5167,"Middle East, North Africa, Afghanistan & Pakistan",LMC
PER,PE,Peru,"{'id': 'LCN', 'iso2code': 'ZJ', 'value': 'Latin America & Caribbean '}","{'id': 'LAC', 'iso2code': 'XJ', 'value': 'Latin America & Caribbean (excluding high income)'}","{'id': 'UMC', 'iso2code': 'XT', 'value': 'Upper middle income'}","{'id': 'IBD', 'iso2code': 'XF', 'value': 'IBRD'}",Lima,-77.0465,-12.0931,Latin America & Caribbean ,UMC
PHL,PH,Philippines,"{'id': 'EAS', 'iso2code': 'Z4', 'value': 'East Asia & Pacific'}","{'id': 'EAP', 'iso2code': '4E', 'value': 'East Asia & Pacific (excluding high income)'}","{'id': 'LMC', 'iso2code': 'XN', 'value': 'Lower middle income'}","{'id': 'IBD', 'iso2code': 'XF', 'value': 'IBRD'}",Manila,121.035,14.5515,East Asia & Pacific,LMC
PNG,PG,Papua New Guinea,"{'id': 'EAS', 'iso2code': 'Z4', 'value': 'East Asia & Pacific'}","{'id': 'EAP', 'iso2code': '4E', 'value': 'East Asia & Pacific (excluding high income)'}","{'id': 'LMC', 'iso2code': 'XN', 'value': 'Lower middle income'}","{'id': 'IDB', 'iso2code': 'XH', 'value': 'Blend'}",Port Moresby,147.194,-9.47357,East Asia & Pacific,LMC
PRK,KP,"Korea, Dem. People's Rep.","{'id': 'EAS', 'iso2code': 'Z4', 'value': 'East Asia & Pacific'}","{'id': 'EAP', 'iso2code': '4E', 'value': 'East Asia & Pacific (excluding high income)'}","{'id': 'LIC', 'iso2code': 'XM', 'value': 'Low income'}","{'id': 'LNX', 'iso2code': 'XX', 'value': 'Not classified'}",Pyongyang,125.754,39.0319,East Asia & Pacific,LIC
PRY,PY,Paraguay,"{'id': 'LCN', 'iso2code': 'ZJ', 'value': 'Latin America & Caribbean '}","{'id': 'LAC', 'iso2code': 'XJ', 'value': 'Latin America & Caribbean (excluding high income)'}","{'id': 'UMC', 'iso2code': 'XT', 'value': 'Upper middle income'}","{'id': 'IBD', 'iso2code': 'XF', 'value': 'IBRD'}",Asuncion,-57.6362,-25.3005,Latin America & Caribbean ,UMC
PSE,PS,West Bank and Gaza,"{'id': 'MEA', 'iso2code': 'ZQ', 'value': 'Middle East, North Africa, Afghanistan & Pakistan'}","{'id': 'MNA', 'iso2code': 'XQ', 'value': 'Middle East, North Africa, Afghanistan & Pakistan (excluding high income)'}","{'id': 'LMC', 'iso2code': 'XN', 'value': 'Lower middle income'}","{'id': 'LNX', 'iso2code': 'XX', 'value': 'Not classified'}",,,,"Middle East, North Africa, Afghanistan & Pakistan",LMC
RWA,RW,Rwanda,"{'id': 'SSF', 'iso2code': 'ZG', 'value': 'Sub-Saharan Africa '}","{'id': 'SSA', 'iso2code': 'ZF', 'value': 'Sub-Saharan Africa (excluding high income)'}","{'id': 'LIC', 'iso2code': 'XM', 'value': 'Low income'}","{'id': 'IDX', 'iso2code': 'XI', 'value': 'IDA'}",Kigali,30.0587,-1.95325,Sub-Saharan Africa ,LIC
SDN,SD,Sudan,"{'id': 'SSF', 'iso2code': 'ZG', 'value': 'Sub-Saharan Africa '}","{'id': 'SSA', 'iso2code': 'ZF', 'value': 'Sub-Saharan Africa (excluding high income)'}","{'id': 'LIC', 'iso2code': 'XM', 'value': 'Low income'}","{'id': 'IDX', 'iso2code': 'XI', 'value': 'IDA'}",Khartoum,32.5363,15.5932,Sub-Saharan Africa ,LIC
SEN,SN,Senegal,"{'id': 'SSF', 'iso2code': 'ZG', 'value': 'Sub-Saharan Africa '}","{'id': 'SSA', 'iso2code': 'ZF', 'value': 'Sub-Saharan Africa (excluding high income)'}","{'id': 'LMC', 'iso2code': 'XN', 'value': 'Lower middle income'}","{'id': 'IDX', 'iso2code': 'XI', 'value': 'IDA'}",Dakar,-17.4734,14.7247,Sub-Saharan Africa ,LMC
SLB,SB,Solomon Islands,"{'id': 'EAS', 'iso2code': 'Z4', 'value': 'East Asia & Pacific'}","{'id': 'EAP', 'iso2code': '4E', 'value': 'East Asia & Pacific (excluding high income)'}","{'id': 'LMC', 'iso2code': 'XN', 'value': 'Lower middle income'}","{'id': 'IDX', 'iso2code': 'XI', 'value': 'IDA'}",Honiara,159.949,-9.42676,East Asia & Pacific,LMC
SLE,SL,Sierra Leone,"{'id': 'SSF', 'iso2code': 'ZG', 'value': 'Sub-Saharan Africa '}","{'id': 'SSA', 'iso2code': 'ZF', 'value': 'Sub-Saharan Africa (excluding high income)'}","{'id': 'LIC', 'iso2code': 'XM', 'value': 'Low income'}","{'id': 'IDX', 'iso2code': 'XI', 'value': 'IDA'}",Freetown,-13.2134,8.4821,Sub-Saharan Africa ,LIC
SLV,SV,El Salvador,"{'id': 'LCN', 'iso2code': 'ZJ', 'value': 'Latin America & Caribbean '}","{'id': 'LAC', 'iso2code': 'XJ', 'value': 'Latin America & Caribbean (excluding high income)'}","{'id': 'UMC', 'iso2code': 'XT', 'value': 'Upper middle income'}","{'id': 'IBD', 'iso2code': 'XF', 'value': 'IBRD'}",San Salvador,-89.2073,13.7034,Latin America & Caribbean ,UMC
SOM,SO,"Somalia, Fed. Rep.","{'id': 'SSF', 'iso2code': 'ZG', 'value': 'Sub-Saharan Africa '}","{'id': 'SSA', 'iso2code': 'ZF', 'value': 'Sub-Saharan Africa (excluding high income)'}","{'id': 'LIC', 'iso2code': 'XM', 'value': 'Low income'}","{'id': 'IDX', 'iso2code': 'XI', 'value': 'IDA'}",Mogadishu,45.3254,2.07515,Sub-Saharan Africa ,LIC
SRB,RS,Serbia,"{'id': 'ECS', 'iso2code': 'Z7', 'value': 'Europe & Central Asia'}","{'id': 'ECA', 'iso2code': '7E', 'value': 'Europe & Central Asia (excluding high income)'}","{'id': 'UMC', 'iso2code': 'XT', 'value': 'Upper middle income'}","{'id': 'IBD', 'iso2code': 'XF', 'value': 'IBRD'}",Belgrade,20.4656,44.8024,Europe & Central Asia,UMC
SSD,SS,South Sudan,"{'id': 'SSF', 'iso2code': 'ZG', 'value': 'Sub-Saharan Africa '}","{'id': 'SSA', 'iso2code': 'ZF', 'value': 'Sub-Saharan Africa (excluding high income)'}","{'id': 'LIC', 'iso2code': 'XM', 'value': 'Low income'}","{'id': 'IDX', 'iso2code': 'XI', 'value': 'IDA'}",Juba,31.6,4.85,Sub-Saharan Africa ,LIC
STP,ST,Sao Tome and Principe,"{'id': 'SSF', 'iso2code': 'ZG', 'value': 'Sub-Saharan Africa '}","{'id': 'SSA', 'iso2code': 'ZF', 'value': 'Sub-Saharan Africa (excluding high income)'}","{'id': 'LMC', 'iso2code': 'XN', 'value': 'Lower middle income'}","{'id': 'IDX', 'iso2code': 'XI', 'value': 'IDA'}",Sao Tome,6.6071,0.20618,Sub-Saharan Africa ,LMC
SUR,SR,Suriname,"{'id': 'LCN', 'iso2code': 'ZJ', 'value': 'Latin America & Caribbean '}","{'id': 'LAC', 'iso2code': 'XJ', 'value': 'Latin America & Caribbean (excluding high income)'}","{'id': 'UMC', 'iso2code': 'XT', 'value': 'Upper middle income'}","{'id': 'IDB', 'iso2code': 'XH', 'value': 'Blend'}",Paramaribo,-55.1679,5.8232,Latin America & Caribbean ,UMC
SWZ,SZ,Eswatini,"{'id': 'SSF', 'iso2code': 'ZG', 'value': 'Sub-Saharan Africa '}","{'id': 'SSA', 'iso2code': 'ZF', 'value': 'Sub-Saharan Africa (excluding high income)'}","{'id': 'LMC', 'iso2code': 'XN', 'value': 'Lower middle income'}","{'id': 'IDB', 'iso2code': 'XH', 'value': 'Blend'}",Mbabane,31.4659,-26.5225,Sub-Saharan Africa ,LMC
SYR,SY,Syrian Arab Republic,"{'id': 'MEA', 'iso2code': 'ZQ', 'value': 'Middle East, North Africa, Afghanistan & Pakistan'}","{'id': 'MNA', 'iso2code': 'XQ', 'value': 'Middle East, North Africa, Afghanistan & Pakistan (excluding high income)'}","{'id': 'LIC', 'iso2code': 'XM', 'value': 'Low income'}","{'id': 'IDX', 'iso2code': 'XI', 'value': 'IDA'}",Damascus,36.3119,33.5146,"Middle East, North Africa, Afghanistan & Pakistan",LIC
TCD,TD,Chad,"{'id': 'SSF', 'iso2code': 'ZG', 'value': 'Sub-Saharan Africa '}","{'id': 'SSA', 'iso2code': 'ZF', 'value': 'Sub-Saharan Africa (excluding high income)'}","{'id': 'LIC', 'iso2code': 'XM', 'value': 'Low income'}","{'id': 'IDX', 'iso2code': 'XI', 'value': 'IDA'}",N'Djamena,15.0445,12.1048,Sub-Saharan Africa ,LIC
TGO,TG,Togo,"{'id': 'SSF', 'iso2code': 'ZG', 'value': 'Sub-Saharan Africa '}","{'id': 'SSA', 'iso2code': 'ZF', 'value': 'Sub-Saharan Africa (excluding high income)'}","{'id': 'LIC', 'iso2code': 'XM', 'value': 'Low income'}","{'id': 'IDX', 'iso2code': 'XI', 'value': 'IDA'}",Lome,1.2255,6.1228,Sub-Saharan Africa ,LIC
THA,TH,Thailand,"{'id': 'EAS', 'iso2code': 'Z4', 'value': 'East Asia & Pacific'}","{'id': 'EAP', 'iso2code': '4E', 'value': 'East Asia & Pacific (excluding high income)'}","{'id': 'UMC', 'iso2code': 'XT', 'value': 'Upper middle income'}","{'id': 'IBD', 'iso2code': 'XF', 'value': 'IBRD'}",Bangkok,100.521,13.7308,East Asia & Pacific,UMC
TJK,TJ,Tajikistan,"{'id': 'ECS', 'iso2code': 'Z7', 'value': 'Europe & Central Asia'}","{'id': 'ECA', 'iso2code': '7E', 'value': 'Europe & Central Asia (excluding high income)'}","{'id': 'LMC', 'iso2code': 'XN', 'value': 'Lower middle income'}","{'id': 'IDX', 'iso2code': 'XI', 'value': 'IDA'}",Dushanbe,68.7864,38.5878,Europe & Central Asia,LMC
TKM,TM,Turkmenistan,"{'id': 'ECS', 'iso2code': 'Z7', 'value': 'Europe & Central Asia'}","{'id': 'ECA', 'iso2code': '7E', 'value': 'Europe & Central Asia (excluding high income)'}","{'id': 'UMC', 'iso2code': 'XT', 'value': 'Upper middle income'}","{'id': 'IBD', 'iso2code': 'XF', 'value': 'IBRD'}",Ashgabat,58.3794,37.9509,Europe & Central Asia,UMC
TLS,TL,Timor-Leste,"{'id': 'EAS', 'iso2code': 'Z4', 'value': 'East Asia & Pacific'}","{'id': 'EAP', 'iso2code': '4E', 'value': 'East Asia & Pacific (excluding high income)'}","{'id': 'LMC', 'iso2code': 'XN', 'value': 'Lower middle income'}","{'id': 'IDB', 'iso2code': 'XH', 'value': 'Blend'}",Dili,125.567,-8.56667,East Asia & Pacific,LMC
TON,TO,Tonga,"{'id': 'EAS', 'iso2code': 'Z4', 'value': 'East Asia & Pacific'}","{'id': 'EAP', 'iso2code': '4E', 'value': 'East Asia & Pacific (excluding high income)'}","{'id': 'UMC', 'iso2code': 'XT', 'value': 'Upper middle income'}","{'id': 'IDX', 'iso2code': 'XI', 'value': 'IDA'}",Nuku'alofa,-175.216,-21.136,East Asia & Pacific,UMC
TUN,TN,Tunisia,"{'id': 'MEA', 'iso2code': 'ZQ', 'value': 'Middle East, North Africa, Afghanistan & Pakistan'}","{'id': 'MNA', 'iso2code': 'XQ', 'value': 'Middle East, North Africa, Afghanistan & Pakistan (excluding high income)'}","{'id': 'LMC', 'iso2code': 'XN', 'value': 'Lower middle income'}","{'id': 'IBD', 'iso2code': 'XF', 'value': 'IBRD'}",Tunis,10.21,36.7899,"Middle East, North Africa, Afghanistan & Pakistan",LMC
TUR,TR,Turkiye,"{'id': 'ECS', 'iso2code': 'Z7', 'value': 'Europe & Central Asia'}","{'id': 'ECA', 'iso2code': '7E', 'value': 'Europe & Central Asia (excluding high income)'}","{'id': 'UMC', 'iso2code': 'XT', 'value': 'Upper middle income'}","{'id': 'IBD', 'iso2code': 'XF', 'value': 'IBRD'}",Ankara,32.3606,39.7153,Europe & Central Asia,UMC
TUV,TV,Tuvalu,"{'id': 'EAS', 'iso2code': 'Z4', 'value': 'East Asia & Pacific'}","{'id': 'EAP', 'iso2code': '4E', 'value': 'East Asia & Pacific (excluding high income)'}","{'id': 'UMC', 'iso2code': 'XT', 'value': 'Upper middle income'}","{'id': 'IDX', 'iso2code': 'XI', 'value': 'IDA'}",Funafuti,179.089567,-8.6314877,East Asia & Pacific,UMC
TZA,TZ,Tanzania,"{'id': 'SSF', 'iso2code': 'ZG', 'value': 'Sub-Saharan Africa '}","{'id': 'SSA', 'iso2code': 'ZF', 'value': 'Sub-Saharan Africa (excluding high income)'}","{'id': 'LMC', 'iso2code': 'XN', 'value': 'Lower middle income'}","{'id': 'IDX', 'iso2code': 'XI', 'value': 'IDA'}",Dodoma,35.7382,-6.17486,Sub-Saharan Africa ,LMC
UGA,UG,Uganda,"{'id': 'SSF', 'iso2code': 'ZG', 'value': 'Sub-Saharan Africa '}","{'id': 'SSA', 'iso2code': 'ZF', 'value': 'Sub-Saharan Africa (excluding high income)'}","{'id': 'LIC', 'iso2code': 'XM', 'value': 'Low income'}","{'id': 'IDX', 'iso2code': 'XI', 'value': 'IDA'}",Kampala,32.5729,0.314269,Sub-Saharan Africa ,LIC
UKR,UA,Ukraine,"{'id': 'ECS', 'iso2code': 'Z7', 'value': 'Europe & Central Asia'}","{'id': 'ECA', 'iso2code': '7E', 'value': 'Europe & Central Asia (excluding high income)'}","{'id': 'UMC', 'iso2code': 'XT', 'value': 'Upper middle income'}","{'id': 'IBD', 'iso2code': 'XF', 'value': 'IBRD'}",Kiev,30.5038,50.4536,Europe & Central Asia,UMC
UZB,UZ,Uzbekistan,"{'id': 'ECS', 'iso2code': 'Z7', 'value': 'Europe & Central Asia'}","{'id': 'ECA', 'iso2code': '7E', 'value': 'Europe & Central Asia (excluding high income)'}","{'id': 'LMC', 'iso2code': 'XN', 'value': 'Lower middle income'}","{'id': 'IDB', 'iso2code': 'XH', 'value': 'Blend'}",Tashkent,69.269,41.3052,Europe & Central Asia,LMC
VCT,VC,St. Vincent and the Grenadines,"{'id': 'LCN', 'iso2code': 'ZJ', 'value': 'Latin America & Caribbean '}","{'id': 'LAC', 'iso2code': 'XJ', 'value': 'Latin America & Caribbean (excluding high income)'}","{'id': 'UMC', 'iso2code': 'XT', 'value': 'Upper middle income'}","{'id': 'IDB', 'iso2code': 'XH', 'value': 'Blend'}",Kingstown,-61.2653,13.2035,Latin America & Caribbean ,UMC
VEN,VE,"Venezuela, RB","{'id': 'LCN', 'iso2code': 'ZJ', 'value': 'Latin America & Caribbean '}","{'id': '', 'iso2code': '', 'value': ''}","{'id': 'INX', 'iso2code': 'XY', 'value': 'Not classified'}","{'id': 'IBD', 'iso2code': 'XF', 'value': 'IBRD'}",Caracas,-69.8371,9.08165,Latin America & Caribbean ,INX
VNM,VN,Viet Nam,"{'id': 'EAS', 'iso2code': 'Z4', 'value': 'East Asia & Pacific'}","{'id': 'EAP', 'iso2code': '4E', 'value': 'East Asia & Pacific (excluding high income)'}","{'id': 'LMC', 'iso2code': 'XN', 'value': 'Lower middle income'}","{'id': 'IBD', 'iso2code': 'XF', 'value': 'IBRD'}",Hanoi,105.825,21.0069,East Asia & Pacific,LMC
VUT,VU,Vanuatu,"{'id': 'EAS', 'iso2code': 'Z4', 'value': 'East Asia & Pacific'}","{'id': 'EAP', 'iso2code': '4E', 'value': 'East Asia & Pacific (excluding high income)'}","{'id': 'LMC', 'iso2code': 'XN', 'value': 'Lower middle income'}","{'id': 'IDX', 'iso2code': 'XI', 'value': 'IDA'}",Port-Vila,168.321,-17.7404,East Asia & Pacific,LMC
WSM,WS,Samoa,"{'id': 'EAS', 'iso2code': 'Z4', 'value': 'East Asia & Pacific'}","{'id': 'EAP', 'iso2code': '4E', 'value': 'East Asia & Pacific (excluding high income)'}","{'id': 'UMC', 'iso2code': 'XT', 'value': 'Upper middle income'}","{'id': 'IDX', 'iso2code': 'XI', 'value': 'IDA'}",Apia,-171.752,-13.8314,East Asia & Pacific,UMC
XKX,XK,Kosovo,"{'id': 'ECS', 'iso2code': 'Z7', 'value': 'Europe & Central Asia'}","{'id': 'ECA', 'iso2code': '7E', 'value': 'Europe & Central Asia (excluding high income)'}","{'id': 'UMC', 'iso2code': 'XT', 'value': 'Upper middle income'}","{'id': 'IDX', 'iso2code': 'XI', 'value': 'IDA'}",Pristina,20.926,42.565,Europe & Central Asia,UMC
YEM,YE,"Yemen, Rep.","{'id': 'MEA', 'iso2code': 'ZQ', 'value': 'Middle East, North Africa, Afghanistan & Pakistan'}","{'id': 'MNA', 'iso2code': 'XQ', 'value': 'Middle East, North Africa, Afghanistan & Pakistan (excluding high income)'}","{'id': 'LIC', 'iso2code': 'XM', 'value': 'Low income'}","{'id': 'IDX', 'iso2code': 'XI', 'value': 'IDA'}",Sana'a,44.2075,15.352,"Middle East, North Africa, Afghanistan & Pakistan",LIC
ZAF,ZA,South Africa,"{'id': 'SSF', 'iso2code': 'ZG', 'value': 'Sub-Saharan Africa '}","{'id': 'SSA', 'iso2code': 'ZF', 'value': 'Sub-Saharan Africa (excluding high income)'}","{'id': 'UMC', 'iso2code': 'XT', 'value': 'Upper middle income'}","{'id': 'IBD', 'iso2code': 'XF', 'value': 'IBRD'}",Pretoria,28.1871,-25.746,Sub-Saharan Africa ,UMC
ZMB,ZM,Zambia,"{'id': 'SSF', 'iso2code': 'ZG', 'value': 'Sub-Saharan Africa '}","{'id': 'SSA', 'iso2code': 'ZF', 'value': 'Sub-Saharan Africa (excluding high income)'}","{'id': 'LMC', 'iso2code': 'XN', 'value': 'Lower middle income'}","{'id': 'IDX', 'iso2code': 'XI', 'value': 'IDA'}",Lusaka,28.2937,-15.3982,Sub-Saharan Africa ,LMC
ZWE,ZW,Zimbabwe,"{'id': 'SSF', 'iso2code': 'ZG', 'value': 'Sub-Saharan Africa '}","{'id': 'SSA', 'iso2code': 'ZF', 'value': 'Sub-Saharan Africa (excluding high income)'}","{'id': 'LMC', 'iso2code': 'XN', 'value': 'Lower middle income'}","{'id': 'IDB', 'iso2code': 'XH', 'value': 'Blend'}",Harare,31.0672,-17.8312,Sub-Saharan Africa ,LMC
